Age,Annual Income (k$),Spending Score (1-100),Cluster
-1.424568790052139,-1.7389991930659483,-0.4348014799691481,4
-1.2810354107017978,-1.7389991930659483,1.195704069915157,5
-1.3528021003769686,-1.7008297638941765,-1.7159129834496736,4
-1.1375020313514563,-1.7008297638941765,1.0404178270690327,5
-0.5633685139500905,-1.6626603347224038,-0.3959799192576171,4
-1.209268721026627,-1.6626603347224038,1.0015962663575015,5
-0.2763017552494075,-1.6244909055506316,-1.7159129834496736,4
-1.1375020313514563,-1.6244909055506316,1.700384359165061,5
1.804932245330544,-1.5863214763788591,-1.832377665584267,4
-0.6351352036252612,-1.5863214763788591,0.8463100235113773,5
2.0202323143560563,-1.5863214763788591,-1.405340497757425,4
-0.2763017552494075,-1.5863214763788591,1.8944921627227165,5
1.3743321072795196,-1.5481520472070869,-1.366518937045894,4
-1.0657353416762856,-1.5481520472070869,1.0404178270690327,5
-0.1327683758990659,-1.5481520472070869,-1.444162058468956,4
-1.209268721026627,-1.5481520472070869,1.118060948492095,5
-0.2763017552494075,-1.5099826180353144,-0.5900877228152724,4
-1.3528021003769686,-1.5099826180353144,0.6133806592421909,5
0.9437319692284952,-1.4336437596917695,-0.823017087084459,4
-0.2763017552494075,-1.4336437596917695,1.8556706020111853,5
-0.2763017552494075,-1.3954743305199977,-0.5900877228152724,4
-0.9939686520011148,-1.3954743305199977,0.8851315842229084,5
0.5131318311774707,-1.357304901348225,-1.7547345441612048,4
-0.5633685139500905,-1.357304901348225,0.8851315842229084,5
1.0872653485788366,-1.2427966138329078,-1.405340497757425,4
-0.706901893300432,-1.2427966138329078,1.234525630626688,5
0.4413651415022999,-1.2427966138329078,-0.7065524049498657,4
-0.2763017552494075,-1.2427966138329078,0.4192728556845355,0
0.0825316931264462,-1.2046271846611356,-0.7453739656613968,4
-1.1375020313514563,-1.2046271846611356,1.4286334341843434,5
1.517865486629861,-1.1664577554893631,-1.7935561048727358,4
-1.2810354107017978,-1.1664577554893631,0.8851315842229084,5
1.015498658903666,-1.0519494679740462,-1.7935561048727358,4
-1.49633547972731,-1.0519494679740462,1.622741237741999,5
0.728431900202983,-1.0519494679740462,-1.405340497757425,4
-1.2810354107017978,-1.0519494679740462,1.195704069915157,5
0.2260650724767877,-1.0137800388022735,-1.288875815622832,4
-0.6351352036252612,-1.0137800388022735,0.8851315842229084,5
-0.2045350655742367,-0.8992717512869568,-0.939481769219052,4
-1.3528021003769686,-0.8992717512869568,0.9627747056459706,5
1.8766989350057148,-0.8611023221151844,-0.5900877228152724,1
-1.0657353416762856,-0.8611023221151844,1.622741237741999,5
0.6566652105278122,-0.8229328929434121,-0.5512661621037414,4
-0.5633685139500905,-0.8229328929434121,0.4192728556845355,0
0.728431900202983,-0.8229328929434121,-0.86183864779599,4
-1.0657353416762856,-0.8229328929434121,0.5745590985306598,5
0.8001985898781537,-0.7847634637716397,0.186343491415349,1
-0.8504352726507735,-0.7847634637716397,-0.1242289942768995,0
-0.706901893300432,-0.7847634637716397,-0.3183367978345549,0
-0.5633685139500905,-0.7847634637716397,-0.3183367978345549,0
0.728431900202983,-0.7084246054280949,0.0698788092807558,1
-0.4198351345997489,-0.7084246054280949,0.3804512949730044,0
-0.5633685139500905,-0.6702551762563226,0.1475219307038179,0
1.4460987969546903,-0.6702551762563226,0.3804512949730044,1
0.8001985898781537,-0.6702551762563226,-0.2018721156999617,1
0.5848985208526415,-0.6702551762563226,-0.357158358546086,1
0.8719652795533244,-0.6320857470845502,-0.0077643121423063,1
2.163765693706398,-0.6320857470845502,-0.1630505549884306,1
-0.8504352726507735,-0.5557468887410055,0.0310572485692247,0
1.015498658903666,-0.5557468887410055,-0.1630505549884306,1
2.2355323833815683,-0.5557468887410055,0.2251650521268801,1
-1.424568790052139,-0.5557468887410055,0.186343491415349,0
2.0202323143560563,-0.5175774595692332,0.0698788092807558,1
1.0872653485788366,-0.5175774595692332,0.3416297342614733,1
1.7331655556553731,-0.4794080303974609,0.0310572485692247,1
-1.49633547972731,-0.4794080303974609,0.3416297342614733,0
0.2978317621519585,-0.4794080303974609,-0.0077643121423063,0
2.091999004031227,-0.4794080303974609,-0.0854074335653684,1
-1.424568790052139,-0.4794080303974609,0.3416297342614733,0
-0.4916018242749196,-0.4794080303974609,-0.1242289942768995,0
2.2355323833815683,-0.4412386012256885,0.186343491415349,1
0.5848985208526415,-0.4412386012256885,-0.3183367978345549,1
1.517865486629861,-0.4030691720539161,-0.0465858728538374,1
1.517865486629861,-0.4030691720539161,0.2251650521268801,1
1.4460987969546903,-0.2503914553668267,-0.1242289942768995,1
-0.922201962325944,-0.2503914553668267,0.1475219307038179,0
0.4413651415022999,-0.2503914553668267,0.1087003699922869,0
0.0825316931264462,-0.2503914553668267,-0.0854074335653684,0
-1.1375020313514563,-0.2503914553668267,0.0698788092807558,0
0.728431900202983,-0.2503914553668267,-0.3183367978345549,1
1.3025654176043489,-0.2503914553668267,0.0310572485692247,1
-0.0610016862238952,-0.2503914553668267,0.186343491415349,0
2.0202323143560563,-0.2503914553668267,-0.357158358546086,1
0.5131318311774707,-0.2503914553668267,-0.2406936764114927,1
-1.2810354107017978,-0.2503914553668267,0.2639866128384112,0
0.6566652105278122,-0.2503914553668267,-0.1630505549884306,1
1.1590320382540074,-0.1358831678515096,0.3028081735499422,1
-1.209268721026627,-0.1358831678515096,0.186343491415349,0
-0.3480684449245782,-0.0977137386797373,0.3804512949730044,0
0.8001985898781537,-0.0977137386797373,-0.1630505549884306,1
2.091999004031227,-0.0595443095079649,0.186343491415349,1
-1.49633547972731,-0.0595443095079649,-0.357158358546086,0
0.6566652105278122,-0.0213748803361926,-0.0465858728538374,1
0.0825316931264462,-0.0213748803361926,-0.3959799192576171,0
-0.4916018242749196,-0.0213748803361926,-0.3183367978345549,0
-1.0657353416762856,-0.0213748803361926,0.0698788092807558,0
0.5848985208526415,-0.0213748803361926,-0.1242289942768995,1
-0.8504352726507735,-0.0213748803361926,-0.0077643121423063,0
0.6566652105278122,0.0167945488355797,-0.3183367978345549,1
-1.3528021003769686,0.0167945488355797,-0.0465858728538374,0
-1.1375020313514563,0.0549639780073521,-0.357158358546086,0
0.728431900202983,0.0549639780073521,-0.0854074335653684,1
2.0202323143560563,0.0549639780073521,0.3416297342614733,1
-0.922201962325944,0.0549639780073521,0.186343491415349,0
0.728431900202983,0.0549639780073521,0.2251650521268801,1
-1.2810354107017978,0.0549639780073521,-0.3183367978345549,0
1.9484656246808856,0.0931334071791244,-0.0077643121423063,1
1.0872653485788366,0.0931334071791244,-0.1630505549884306,1
2.091999004031227,0.0931334071791244,-0.2795152371230238,1
1.9484656246808856,0.0931334071791244,-0.0854074335653684,1
1.8766989350057148,0.0931334071791244,0.0698788092807558,1
-1.424568790052139,0.0931334071791244,0.1475219307038179,0
-0.0610016862238952,0.1313028363508968,-0.3183367978345549,0
-1.424568790052139,0.1313028363508968,-0.1630505549884306,0
-1.49633547972731,0.1694722655226691,-0.0854074335653684,0
-1.424568790052139,0.1694722655226691,-0.0077643121423063,0
1.7331655556553731,0.1694722655226691,-0.2795152371230238,1
0.728431900202983,0.1694722655226691,0.3416297342614733,1
0.8719652795533244,0.2458111238662138,-0.2795152371230238,1
0.8001985898781537,0.2458111238662138,0.2639866128384112,1
-0.8504352726507735,0.2458111238662138,0.2251650521268801,0
-0.0610016862238952,0.2458111238662138,-0.3959799192576171,0
0.0825316931264462,0.3221499822097586,0.3028081735499422,0
0.0107650034512755,0.3221499822097586,1.5839196770304678,2
-1.1375020313514563,0.3603194113815309,-0.823017087084459,0
-0.5633685139500905,0.3603194113815309,1.0404178270690327,2
0.2978317621519585,0.3984888405533033,-0.5900877228152724,1
0.0825316931264462,0.3984888405533033,1.739205919876592,2
1.4460987969546903,0.3984888405533033,-1.5218051798920182,3
-0.0610016862238952,0.3984888405533033,0.9627747056459706,2
0.5848985208526415,0.3984888405533033,-1.5994483013150804,3
0.0107650034512755,0.3984888405533033,0.9627747056459706,2
-0.9939686520011148,0.4366582697250756,-0.6289092835268035,0
-0.5633685139500905,0.4366582697250756,0.8074884627998463,2
-1.3528021003769686,0.474827698896848,-1.7547345441612048,0
-0.706901893300432,0.474827698896848,1.4674549948958746,2
0.3695984518271292,0.474827698896848,-1.6770914227381426,3
-0.4916018242749196,0.474827698896848,0.8851315842229084,2
-1.424568790052139,0.5129971280686204,-1.5606267406035494,0
-0.2763017552494075,0.5129971280686204,0.8463100235113773,2
1.3025654176043489,0.5511665572403928,-1.7547345441612048,3
-0.4916018242749196,0.5511665572403928,1.66156279845353,2
-0.7786685829756027,0.5893359864121651,-0.3959799192576171,0
-0.4916018242749196,0.5893359864121651,1.4286334341843434,2
-0.9939686520011148,0.6275054155839375,-1.4829836191804873,0
-0.7786685829756027,0.6275054155839375,1.8168490412996543,2
0.6566652105278122,0.6275054155839375,-0.5512661621037414,1
-0.4916018242749196,0.6275054155839375,0.9239531449344396,2
-0.3480684449245782,0.6656748447557098,-1.0947680120651764,3
-0.3480684449245782,0.6656748447557098,1.5450981163189368,2
0.2978317621519585,0.6656748447557098,-1.288875815622832,3
0.0107650034512755,0.6656748447557098,1.4674549948958746,2
0.3695984518271292,0.6656748447557098,-1.1724111334882386,3
-0.0610016862238952,0.6656748447557098,1.0015962663575015,2
0.5848985208526415,0.6656748447557098,-1.327697376334363,3
-0.8504352726507735,0.6656748447557098,1.5062765556074056,2
-0.1327683758990659,0.6656748447557098,-1.9100207870073287,3
-0.6351352036252612,0.6656748447557098,1.0792393877805635,2
-0.3480684449245782,0.6656748447557098,-1.9100207870073287,3
-0.6351352036252612,0.6656748447557098,0.8851315842229084,2
1.230798727929178,0.7038442739274822,-0.5900877228152724,1
-0.706901893300432,0.7038442739274822,1.2733471913382193,2
-1.424568790052139,0.7801831322710269,-1.7547345441612048,0
-0.5633685139500905,0.7801831322710269,1.66156279845353,2
0.8001985898781537,0.9328608489581164,-0.939481769219052,3
-0.2045350655742367,0.9328608489581164,0.9627747056459706,2
0.2260650724767877,0.9710302781298886,-1.1724111334882386,3
-0.4198351345997489,0.9710302781298886,1.739205919876592,2
-0.2045350655742367,1.009199707301661,-0.900660208507521,3
-0.4916018242749196,1.009199707301661,0.4969159771075976,2
0.0825316931264462,1.009199707301661,-1.444162058468956,3
-0.7786685829756027,1.009199707301661,0.9627747056459706,2
-0.2045350655742367,1.009199707301661,-1.5606267406035494,3
-0.2045350655742367,1.009199707301661,1.622741237741999,2
0.9437319692284952,1.0473691364734332,-1.444162058468956,3
-0.6351352036252612,1.0473691364734332,1.3898118734728124,2
1.3743321072795196,1.0473691364734332,-1.366518937045894,3
-0.8504352726507735,1.0473691364734332,0.7298453413767841,2
1.4460987969546903,1.238216282332295,-1.405340497757425,3
-0.2763017552494075,1.238216282332295,1.5450981163189368,2
-0.1327683758990659,1.3908939990193845,-0.7065524049498657,3
-0.4916018242749196,1.3908939990193845,1.3898118734728124,2
0.5131318311774707,1.429063428191157,-1.366518937045894,3
-0.706901893300432,1.429063428191157,1.4674549948958746,2
0.154298382801617,1.4672328573629292,-0.4348014799691481,3
-0.6351352036252612,1.4672328573629292,1.8168490412996543,2
1.0872653485788366,1.543571715706474,-1.0171248906421142,3
-0.7786685829756027,1.543571715706474,0.691023780665253,2
0.154298382801617,1.6199105740500186,-1.288875815622832,3
-0.2045350655742367,1.6199105740500186,1.3509903127612812,2
-0.3480684449245782,1.6199105740500186,-1.0559464513536454,3
-0.4916018242749196,1.6199105740500186,0.7298453413767841,2
-0.4198351345997489,2.0016048657677423,-1.6382698620266116,3
-0.0610016862238952,2.0016048657677423,1.5839196770304678,2
0.5848985208526415,2.2687908699701484,-1.327697376334363,3
-0.2763017552494075,2.2687908699701484,1.118060948492095,2
0.4413651415022999,2.4978074450007828,-0.86183864779599,3
-0.4916018242749196,2.4978074450007828,0.9239531449344396,2
-0.4916018242749196,2.9176711658902788,-1.2500542549113007,3
-0.6351352036252612,2.9176711658902788,1.2733471913382193,2
